id	jurisdiction	name	type	target	announcement_date	effective_date	enforcement_date	removal_date	removal_method	removal_details	booster_id	duration_days	compliance	exemptions	executive_orders	enforcement_measures	authority	communications	vaccine_eligibility_info	vaccine_availability_info	ATAGI	uptake	popu_info	notes	source	ref_code	ref_no
1	WA	Mandatory Vaccination Policy Phased Approach Group 1	Employment	Hotel quarantine workers	2021-04-20	2021-04-27	2021-04-27	2022-02-05	revoked by another document		43	291	Fully vaccinated by 10 May 2021	does not include a quarantine centre driver.\n(a) law enforcement; or\n(b) responding to an emergency other than COVID-19; or\n(c) performing maintenance or repairs, but only to the extent that, due to the nature\nof the maintenance or repairs, it is not reasonably practicable for a quarantine\ncentre worker who is vaccinated against COVID-19 to perform the maintenance\nor repairs and the person who is able to perform the maintenance or repairs is\nnot eligible to be vaccinated against COVID-19 at the time that the maintenance\nor repairs are required to be performed.	Access to Quarantine Centres Directions (No 2)	It is an offence for a person to fail, without reasonable excuse, to comply with any of these\ndirections, punishable by a fine of up to $20,000 for individuals and $100,000 for bodies\ncorporate.	Public Health Order	WA Government Annoucement\nNews articles	22/02/2021 for front line workers	21/02/2021 for front line workers	ATAGI recommends that the COVID-19 vaccine by Pfizer is preferred over COVID-19 Vaccine AstraZeneca in adults aged under 50 years. \nCOVID-19 Vaccine AstraZeneca can be used in adults aged under 50 years – where the benefits are likely to outweigh the risks for that individual and the person has made an informed decision based on an understanding of the risks and benefits. \nPeople who have had the first dose of COVID-19 Vaccine AstraZeneca without any serious adverse effects can be given the second dose, including adults under 50 years.	more than 2,800 frontline workers receiving their first dose of the Pfizer vaccine in the first week of elegibility			WA Government Annoucement	WAEHQW0000	1417\n4548\n4610
2	WA	COVID-19 Mandatory Vaccination and Vaccination Program Policy Version 2	Employment	WA health system entities and employees in a Residential aged care facility	2021-06-30	2021-08-09	2021-09-17	2022-11-04	4/11/22 End of Public Health Emergency which removed all Public Health Directions made under the Emergency Declaration	"Policy replaced by a newer version on 13/01/22 \n06/19/21 Direction No.1 revoked by No.2 which added the ""fully vaccinated by 17 November 2021"" date\n22/09/21 - Direction No.2 replaced by No.3 which added a ""further public state of emergency made on 22/09/21"" notice. No change in mandate requirements.  No revocation section\n11/10/21 - No.3 revoked by No.4 which added a revocation section"	38	492	First dose by 17 September 2021\nFully vaccinated by 17 November 2021	1. a permanent medical exemption authorised by a medical practitioner\n2. a temporary medical exemption authorised by a medical practitioner\n3. an authorised temporary exemption or exception due to the inability to access a\nCOVID-19 vaccine\n4. an authorised temporary exemption or exception due to a critical workforce\nshortage, to maintain the provision of quality of care or to protect the health and\nsafety of residents, or\n5. an authorised exemption or exception related to another category in the relevant\nstate or territory public health order.	Residential Aged Care Facility Worker Access Directions.	Unvaccinated Employees will initially be allowed to remain away from the workplace for a period\nof two weeks without disciplinary action being commenced – the Preliminary Access Restriction\nPeriod (PARP). The PARP provides time for the Employee to make a decision regarding their\nintention to be Vaccinated and/or to receive a COVID-19 vaccine, prior to commencement of\nformal disciplinary proceedings. The PARP will be unpaid.\nFollowing the expiration of the two week PARP, the Employer may initiate disciplinary proceedings\nin accordance with the Discipline Policy and Procedures.\nAny decision to initiate disciplinary action, and subsequent disciplinary outcomes, will be\nconsidered on a case by case basis and compliant with the Discipline Policy and Procedures.\nGiven the access restrictions provided for by the Aged Care Worker Directions, termination of\nemployment is a potential outcome for instances of non-compliance.\nIt is an offence for a person to fail, without reasonable excuse, to comply with any of these directions, punishable by a fine of up to $20,000 for individuals and $100,000 for bodies corporate.	WA Chief Health Officer	WA Government Annoucement\nNews articles\nRelease of guidelines\nAustralian Government news announcement\nNational Cabinet agreed on 28/06/21 that the COVID-19 vaccination of residential\naged care workers will become mandatory by mid-September 2021.	22/02/2021 for front line workers\nAll West Australians aged 12 years and over were eligible to be vaccinated by 13/09/21	21/02/2021 for front line workers	ATAGI recommends that the COVID-19 vaccine by Pfizer is preferred over COVID-19 Vaccine AstraZeneca in adults aged under 50 years. \nCOVID-19 Vaccine AstraZeneca can be used in adults aged under 50 years – where the benefits are likely to outweigh the risks for that individual and the person has made an informed decision based on an understanding of the risks and benefits. \nPeople who have had the first dose of COVID-19 Vaccine AstraZeneca without any serious adverse effects can be given the second dose, including adults under 50 years. \n8/10/21 - booster recommended for severely immunocompromised people\n28/10/21 - Pfizer booster recommended for adults ≥ 18, 6 months past 2nd dose	more than 2,800 frontline workers receiving their first dose of the Pfizer vaccine in the first week of elegibility		V1 of the policy is not included as it doesn't have a vaccine requirement\nPolicy published date is 16/09/21 but directions were published 09/08/21\nNational Cabinet agreed on 28/06/21 that the COVID-19 vaccination of residential aged care workers will become mandatory by mid-September 2021 across all states.	Department of Health\nPolicy Framework	WAERAC00V2	1237\n1157\n233\n1158\n4645
3	WA	WA Police Mission Critical areas	Employment	Mission critical area worker in mission critical areas		2021-09-22	2021-09-27	2022-11-04	4/11/22 End of Public Health Emergency which removed all Public Health Directions made under the Emergency Declaration			408														WAEPOL00V1	
4	WA	COVID-19 Mandatory Vaccination and Vaccination Program Policy Version 2	Employment	Health care worker - Tier 1 health care facilities	2021-09-02	2021-09-16	2021-10-01	2022-11-04	4/11/22 End of Public Health Emergency which removed all Public Health Directions made under the Emergency Declaration	"13/01/2022 - policy replaced by a new version\n16/09/21 - Direction No.1 revoked by No.2. No mandate changes\nNo. 3 came into effect but directions doesn't have a revocation section, no mandate changes.\nNo.3 revoked by No.4 which removed the exemption clause: \n""performing a law enforcement function that cannot reasonably be performed other than by entering the health care facility"""	37	428	·       First dose by 1 October 2021\n·       Fully vaccinated by 1 November 2021\nevidence in the form approved by the Chief Health Officer that they have\nbeen vaccinated against COVID-19, if:\n(a) directed to do so by an emergency officer; or\n(b) required to do so by their employer or by the owner, occupier or person\napparently in charge of a health care facility.	defined under the Directions\nMedical exemption, or a Temporary exemption approved by the Chief Health Officer or their delegate, or as otherwise outlined in the Directions. Or if they are:\n(a) performing a law enforcement function that cannot reasonably be performed\nother than by entering the health care facility; or\n(b) performing a statutory duty that cannot reasonably be performed other than by entering the health care\nfacility; or\n(c) performing any function or duty or exercising any right or power under a Fair\nWork entry permit; or\n(d) responding to an emergency in a capacity other than as a health care worker or\na health support worker; or\n(e) providing emergency care to a patient in the health care facility where the\nemergency care is necessary to be provided immediately and a fully vaccinated\nor a partially vaccinated health care worker or health support worker is not available to provide that emergency care\nOr an ad hoc volunteer	Health Worker (Restrictions on Access) Directions	Unvaccinated Employees will initially be allowed to remain away from the workplace for a period\nof two weeks without disciplinary action being commenced – the Preliminary Access Restriction\nPeriod (PARP). The PARP provides time for the Employee to make a decision regarding their\nintention to be Vaccinated and/or to receive a COVID-19 vaccine, prior to commencement of\nformal disciplinary proceedings. The PARP will be unpaid.\nFollowing the expiration of the two week PARP, the Employer may initiate disciplinary proceedings\nin accordance with the Discipline Policy and Procedures.\nAny decision to initiate disciplinary action, and subsequent disciplinary outcomes, will be considered on a case by case basis and compliant with the Discipline Policy and Procedures.\nGiven the access restrictions provided for by the Aged Care Worker Directions, termination of\nemployment is a potential outcome for instances of non-compliance.\nIt is an offence for a person to fail, without reasonable excuse, to comply with any of these\ndirections, punishable by a fine of up to $20,000 for individuals and $100,000 for bodies\ncorporate.\n	Public Health Order	WA Government Annoucement on 16/09/21\nNews articles\nRelease of guidelines\nHon Roger Cook media announcement on 02/09/21	22/02/2021 for front line workers\nAll West Australians aged 12 years and over were eligible to be vaccinated by 13/09/21	21/02/2021 for front line workers	ATAGI recommends that the COVID-19 vaccine by Pfizer is preferred over COVID-19 Vaccine AstraZeneca in adults aged under 50 years. \nCOVID-19 Vaccine AstraZeneca can be used in adults aged under 50 years – where the benefits are likely to outweigh the risks for that individual and the person has made an informed decision based on an understanding of the risks and benefits. \nPeople who have had the first dose of COVID-19 Vaccine AstraZeneca without any serious adverse effects can be given the second dose, including adults under 50 years. \n8/10/21 - booster recommended for severely immunocompromised people\n28/10/21 - Pfizer booster recommended for adults ≥ 18, 6 months past 2nd dose	more than 2,800 frontline workers receiving their first dose of the Pfizer vaccine in the first week of elegibility	0.1% (52/50000) of the WA Department of Health's employees have quit due to the mandate\n	V1 of the policy is not included as it doesn't have a vaccine requirement\nTier 1 means: an intensive care unit within a hospital; or (b) a high dependency unit within a hospital; or\n(c) a respiratory ward within a hospital; or\n(d) a ward within a high risk regional hospital that has one or more designated respiratory beds; or\n(e) an emergency department within a hospital; or\n(t) a COVID clinic; or\n(g) a COVID-19 vaccination community clinic; or\n(h) a regional COVID-19 vaccination clinic\n(i) any other facility that is specified to be a tier one health care facility by the Chief\nHealth Officer in writing or any person authorised by him for that purpose.\n	Department of Health\nPolicy Framework	WAEHCWT1V2	1237\n214\n4499\n1158\n2547
5	WA	COVID-19 Mandatory Vaccination and Vaccination Program Policy Version 2	Employment	Health support worker - Tier 1 health care facilities	2021-09-02	2021-09-16	2021-10-01	2022-11-04	4/11/22 End of Public Health Emergency which removed all Public Health Directions made under the Emergency Declaration	"13/01/2022 - policy replaced by a new version\n16/09/21 - Direction No.1 revoked by No.2. No mandate changes\nNo. 3 came into effect but directions doesn't have a revocation section, no mandate changes.\nNo.3 revoked by No.4 which removed the exemption clause: \n""performing a law enforcement function that cannot reasonably be performed other than by entering the health care facility"""	37	428	·       First dose by 1 October 2021\n·       Fully vaccinated by 1 November 2021\nevidence in the form approved by the Chief Health Officer that they have\nbeen vaccinated against COVID-19, if:\n(a) directed to do so by an emergency officer; or\n(b) required to do so by their employer or by the owner, occupier or person\napparently in charge of a health care facility.	defined under the Directions\nMedical exemption, or a Temporary exemption approved by the Chief Health Officer or their delegate, or as otherwise outlined in the Directions. Or if they are:\n(a) performing a law enforcement function that cannot reasonably be performed\nother than by entering the health care facility; or\n(b) performing a statutory duty that cannot reasonably be performed other than by entering the health care\nfacility; or\n(c) performing any function or duty or exercising any right or power under a Fair\nWork entry permit; or\n(d) responding to an emergency in a capacity other than as a health care worker or\na health support worker; or\n(e) providing emergency care to a patient in the health care facility where the\nemergency care is necessary to be provided immediately and a fully vaccinated\nor a partially vaccinated health care worker or health support worker is not available to provide that emergency care\nOr an ad hoc volunteer	Health Worker (Restrictions on Access) Directions.	Unvaccinated Employees will initially be allowed to remain away from the workplace for a period\nof two weeks without disciplinary action being commenced – the Preliminary Access Restriction\nPeriod (PARP). The PARP provides time for the Employee to make a decision regarding their\nintention to be Vaccinated and/or to receive a COVID-19 vaccine, prior to commencement of\nformal disciplinary proceedings. The PARP will be unpaid.\nFollowing the expiration of the two week PARP, the Employer may initiate disciplinary proceedings\nin accordance with the Discipline Policy and Procedures.\nAny decision to initiate disciplinary action, and subsequent disciplinary outcomes, will be considered on a case by case basis and compliant with the Discipline Policy and Procedures.\nGiven the access restrictions provided for by the Aged Care Worker Directions, termination of\nemployment is a potential outcome for instances of non-compliance.\nIt is an offence for a person to fail, without reasonable excuse, to comply with any of these\ndirections, punishable by a fine of up to $20,000 for individuals and $100,000 for bodies\ncorporate.	Public Health Order	WA Government Annoucement on 16/09/21\nNews articles\nRelease of guidelines\nHon Roger Cook media announcement on 02/09/21	22/02/2021 for front line workers\nAll West Australians aged 12 years and over were eligible to be vaccinated by 13/09/21	21/02/2021 for front line workers	ATAGI recommends that the COVID-19 vaccine by Pfizer is preferred over COVID-19 Vaccine AstraZeneca in adults aged under 50 years. \nCOVID-19 Vaccine AstraZeneca can be used in adults aged under 50 years – where the benefits are likely to outweigh the risks for that individual and the person has made an informed decision based on an understanding of the risks and benefits. \nPeople who have had the first dose of COVID-19 Vaccine AstraZeneca without any serious adverse effects can be given the second dose, including adults under 50 years. \n8/10/21 - booster recommended for severely immunocompromised people\n28/10/21 - Pfizer booster recommended for adults ≥ 18, 6 months past 2nd dose	more than 2,800 frontline workers receiving their first dose of the Pfizer vaccine in the first week of elegibility	0.1% (52/50000) of the WA Department of Health's employees have quit due to the mandate\n	V1 of the policy is not included as it doesn't have a vaccine requirement\nTier 1 means: an intensive care unit within a hospital; or (b) a high dependency unit within a hospital; or\n(c) a respiratory ward within a hospital; or\n(d) a ward within a high risk regional hospital that has one or more designated respiratory beds; or\n(e) an emergency department within a hospital; or\n(t) a COVID clinic; or\n(g) a COVID-19 vaccination community clinic; or\n(h) a regional COVID-19 vaccination clinic\n(i) any other facility that is specified to be a tier one health care facility by the Chief\nHealth Officer in writing or any person authorised by him for that purpose.\n	Department of Health\nPolicy Framework	WAEHSWT1V2	1237\n214\n4499\n1158\n2547
6	WA	Mandatory Vaccination Policy Phased Approach Group 1	Employment	At risk port workers\nExposed vessel workers, exposed vessel contact workers and exposed vessel transport workers	2021-09-21	2021-09-20	2021-10-15	2022-11-04	End of Public Health Emergency which removed all Public Health Directions made under the Emergency Declaration\nNot sure if the directions were lifted earlier	"22/09/21 - Direction No.1 replaced by No.2 which added a ""further public state of emergency made on 22/09/21"" notice. No change in mandate requirements.  No revocation section\n20/10/21 - No.2 revoked by No.3 which added the revocation section\n25/11/21 - Port Worker and Exposed Port Worker (Restrictions on Access) Directions added restrictions for unexposed port workers"	52	409	First dose by 15 October 2021\n·       Fully vaccinated by 12 November 2021\nMust provide proof of vaccination on request\n\nEach employer or person in charge of an exposed port worker must: (a) take all reasonable and lawful steps to collect and maintain a record of the vaccination statuses of workers and provide that information on request	Unexposed vessels\n(a)an exposed vessel worker who is not vaccinated against COVID-19 from\nembarking or performing work on an unexposed vessel; or\n(b) an exposed vessel contact worker who is not vaccinated against COVID-19\nfrom entering or remaining at a port location to carry out port activities, or\nundertake a service, in connection with an unexposed vessel; or\n(c) an exposed vessel transport worker who is not vaccinated against COVID-19\nfrom entering or remaining upon a dedicated conveyance in order to carry only\npersons disembarking from an unexposed vessel.\nExposed vessels\n(a) performing a law enforcement function that cannot reasonably be performed other than by embarking the exposed vessel or the dedicated conveyance; or\n(b) performing a statutory duty that cannot reasonably be performed otherwise; or\n(c) performing any function or duty or exercising any right or power under a Fair Work entry permit or a right\nof entry permit; or\n(d) responding to an emergency in a capacity other than as an ambulance officer or health care worker,	Exposed Port Worker (Restrictions on Access) Directions\nExposed On-Board Worker Directions (No. 2)	It is an offence for a person to fail, without reasonable excuse, to comply with any of these\ndirections, punishable by a fine of up to $20,000 for individuals and $100,000 for bodies\ncorporate.\n	Public Health Order		22/02/2021 for front line workers\nAll West Australians aged 12 years and over were eligible to be vaccinated by 13/09/21	21/02/2021 for front line workers	ATAGI recommends that the COVID-19 vaccine by Pfizer is preferred over COVID-19 Vaccine AstraZeneca in adults aged under 50 years. \nCOVID-19 Vaccine AstraZeneca can be used in adults aged under 50 years – where the benefits are likely to outweigh the risks for that individual and the person has made an informed decision based on an understanding of the risks and benefits. \nPeople who have had the first dose of COVID-19 Vaccine AstraZeneca without any serious adverse effects can be given the second dose, including adults under 50 years. \n8/10/21 - booster recommended for severely immunocompromised people\n28/10/21 - Pfizer booster recommended for adults ≥ 18, 6 months past 2nd dose	more than 2,800 frontline workers receiving their first dose of the Pfizer vaccine in the first week of elegibility			WA Government Annoucement	WAEPOWT100	1161
7	WA	Mandatory Vaccination Policy Phased Approach Group 1	Employment	At risk transport, freight and logistics drivers	2021-09-24		2021-10-24	2022-06-10	4/11/22 End of Public Health Emergency which removed all Public Health Directions made under the Emergency Declaration		52	259	First dose by 24/10/21\nFully vaccinated by 24/12/21\nMust wear facemask and show proof of a negative COVID-19 test result or undertake a RAT at the WA border		Transport, Freight and Logistics Directions under the Emergency Management Act 2005		Public Health Order		22/02/2021 for front line workers\nAll West Australians aged 12 years and over were eligible to be vaccinated by 13/09/21	21/02/2021 for front line workers	ATAGI recommends that the COVID-19 vaccine by Pfizer is preferred over COVID-19 Vaccine AstraZeneca in adults aged under 50 years. \nCOVID-19 Vaccine AstraZeneca can be used in adults aged under 50 years – where the benefits are likely to outweigh the risks for that individual and the person has made an informed decision based on an understanding of the risks and benefits. \nPeople who have had the first dose of COVID-19 Vaccine AstraZeneca without any serious adverse effects can be given the second dose, including adults under 50 years. \n8/10/21 - booster recommended for severely immunocompromised people\n28/10/21 - Pfizer booster recommended for adults ≥ 18, 6 months past 2nd dose	more than 2,800 frontline workers receiving their first dose of the Pfizer vaccine in the first week of elegibility			WA Government Annoucement	WAETFLT1V1	4505
8	WA	Mandatory Vaccination Policy Phased Approach	Employment	Primary health care workers in private provider facilities, including general practitioners, private nurse offices and consulting offices, pharmacies, dental centres, allied health facilities and private pathology centres.	2021-09-02	2021-10-25	2021-11-01	2022-11-04	4/11/22 End of Public Health Emergency which removed all Public Health Directions made under the Emergency Declaration			428	First dose by 1/11/21. Fully vaccinated by 1/12/21\nevidence in the form approved by the Chief Health Officer that they have\nbeen vaccinated against COVID-19, if:\n(a) directed to do so by an emergency officer; or\n(b) required to do so by their employer or by the owner, occupier or person\napparently in charge of a health care facility.	defined under the Directions\nMedical exemption, or a Temporary exemption approved by the Chief Health Officer or their delegate, or as otherwise outlined in the Directions. Or if they are:\n(a) performing a law enforcement function that cannot reasonably be performed\nother than by entering the health care facility; or\n(b) performing a statutory duty that cannot reasonably be performed other than by entering the health care\nfacility; or\n(c) performing any function or duty or exercising any right or power under a Fair\nWork entry permit; or\n(d) responding to an emergency in a capacity other than as a health care worker or\na health support worker; or\n(e) providing emergency care to a patient in the health care facility where the\nemergency care is necessary to be provided immediately and a fully vaccinated\nor a partially vaccinated health care worker or health support worker is not available to provide that emergency care\nOr an ad hoc volunteer	Primary Health Care Worker\n(Restrictions on Access) Directions	Unvaccinated Employees will initially be allowed to remain away from the workplace for a period\nof two weeks without disciplinary action being commenced – the Preliminary Access Restriction\nPeriod (PARP). The PARP provides time for the Employee to make a decision regarding their\nintention to be Vaccinated and/or to receive a COVID-19 vaccine, prior to commencement of\nformal disciplinary proceedings. The PARP will be unpaid.\nFollowing the expiration of the two week PARP, the Employer may initiate disciplinary proceedings\nin accordance with the Discipline Policy and Procedures.\nAny decision to initiate disciplinary action, and subsequent disciplinary outcomes, will be considered on a case by case basis and compliant with the Discipline Policy and Procedures.\nGiven the access restrictions provided for by the Aged Care Worker Directions, termination of\nemployment is a potential outcome for instances of non-compliance.\nIt is an offence for a person to fail, without reasonable excuse, to comply with any of these\ndirections, punishable by a fine of up to $20,000 for individuals and $100,000 for bodies\ncorporate.\n	Public Health Order	WA Government Annoucement on 09/10/21\nNews articles\nRelease of guidelines\nHon Roger Cook media announcement on 02/09/21	All West Australians aged 12 years and over were eligible to be vaccinated by 13/09/21\n8/6/21 for people aged 30-49 (pfizer), 50 and over (Astrazeneca) and fpr 16 and over Indigenous and Torres Strait Islander people\n16/8/21 for people aged 16-29\nSee the 'Aus Vaccine Availability' sheet for more information	All West Australians aged 12 years and over were able to be vaccinated by 13/09/21\n10/6/21 for people aged 30-49 (pfizer), 50 and over (Astrazeneca) and fpr 16 and over Indigenous and Torres Strait Islander people\n16/8/21 for people aged 16-29\nSee the 'Aus Vaccine Availability' sheet for more information	27/12/21 - recommends Pfizer booster for adults with a 5 month interval after 2nd dose		0.1% (52/50000) of the WA Department of Health's employees have quit due to the mandate\n		Public Health Direction	WAEHCWT2V1	214\n4499\n1159
9	WA	Mandatory Vaccination Policy Phased Approach	Employment	Tier 2 Health care workers	2021-09-02	2021-09-16	2021-11-01	2022-11-04	4/11/22 End of Public Health Emergency which removed all Public Health Directions made under the Emergency Declaration	"16/09/21 - Direction No.1 revoked by No.2. No mandate changes\nNo. 3 came into effect but directions doesn't have a revocation section, no mandate changes.\nNo.3 revoked by No.4 which removed the exemption clause: \n""performing a law enforcement function that cannot reasonably be performed other than by entering the health care facility"""		428	First dose by 1/11/21. Fully vaccinated by 1/12/21\nevidence in the form approved by the Chief Health Officer that they have\nbeen vaccinated against COVID-19, if:\n(a) directed to do so by an emergency officer; or\n(b) required to do so by their employer or by the owner, occupier or person\napparently in charge of a health care facility.	defined under the Directions\nMedical exemption, or a Temporary exemption approved by the Chief Health Officer or their delegate, or as otherwise outlined in the Directions. Or if they are:\n(a) performing a law enforcement function that cannot reasonably be performed\nother than by entering the health care facility; or\n(b) performing a statutory duty that cannot reasonably be performed other than by entering the health care\nfacility; or\n(c) performing any function or duty or exercising any right or power under a Fair\nWork entry permit; or\n(d) responding to an emergency in a capacity other than as a health care worker or\na health support worker; or\n(e) providing emergency care to a patient in the health care facility where the\nemergency care is necessary to be provided immediately and a fully vaccinated\nor a partially vaccinated health care worker or health support worker is not available to provide that emergency care\nOr an ad hoc volunteer	Health Worker (Restrictions on Access) Directions.	Unvaccinated Employees will initially be allowed to remain away from the workplace for a period\nof two weeks without disciplinary action being commenced – the Preliminary Access Restriction\nPeriod (PARP). The PARP provides time for the Employee to make a decision regarding their\nintention to be Vaccinated and/or to receive a COVID-19 vaccine, prior to commencement of\nformal disciplinary proceedings. The PARP will be unpaid.\nFollowing the expiration of the two week PARP, the Employer may initiate disciplinary proceedings\nin accordance with the Discipline Policy and Procedures.\nAny decision to initiate disciplinary action, and subsequent disciplinary outcomes, will be considered on a case by case basis and compliant with the Discipline Policy and Procedures.\nGiven the access restrictions provided for by the Aged Care Worker Directions, termination of\nemployment is a potential outcome for instances of non-compliance.\nIt is an offence for a person to fail, without reasonable excuse, to comply with any of these\ndirections, punishable by a fine of up to $20,000 for individuals and $100,000 for bodies\ncorporate.\n	Public Health Order	WA Government Annoucement\nNews articles\nRelease of guidelines\nHon Roger Cook media announcement on 02/09/21	All West Australians aged 12 years and over were eligible to be vaccinated by 13/09/21\n8/6/21 for people aged 30-49 (pfizer), 50 and over (Astrazeneca) and fpr 16 and over Indigenous and Torres Strait Islander people\n16/8/21 for people aged 16-29\nSee the 'Aus Vaccine Availability' sheet for more information	All West Australians aged 12 years and over were able to be vaccinated by 13/09/21\n10/6/21 for people aged 30-49 (pfizer), 50 and over (Astrazeneca) and fpr 16 and over Indigenous and Torres Strait Islander people\n16/8/21 for people aged 16-29\nSee the 'Aus Vaccine Availability' sheet for more information	27/12/21 - recommends Pfizer booster for adults with a 5 month interval after 2nd dose		0.1% (52/50000) of the WA Department of Health's employees have quit due to the mandate\n	Tier 2: (a) a hospital, including any ancillary facilities located on the land on which the\nhospital is located and the land itself\n(b) any other facility that is specified to be a tier three health care facility by the\nChief Health Officer in writing or any person authorised by him for that purpose.	Public Health Direction	WAEHCWT2V2	214\n4499\n1159
10	WA	WA's Safe Transition Plan 1	Public Space,Travel	travellers from medium risk jurisdictions to enter WA	2021-10-30		2021-11-05	2022-02-05	Implied as Plan 2 was announced			98	Fully vaccinated by 5/11/21\nundertake 14 days of self-quarantine at suitable premises\nwear a mask if practicable and available from when they enter WA until they arrive at suitable self-quarantine premises or government-approved quarantine facilities\npresent for a COVID-19 test within 48 hours of arrival and on day 11 of quarantine, or at any point when symptoms develop	certain senior Government officials;\ncertain active military personnel;\na member of the Commonwealth Parliament;\na person carrying out functions under a law of the Commonwealth;\na person carrying out a limited range of specialist functions; and\nanyone who is given approval by State Emergency Coordinator or an authorised officer.			Public Health Order	Announcement of WA's Safe Transition Plan\nAnnouncement on the WA Government website on the enforcement date\nAnnouncements on the WA Government website on changes in the risk level of other states always include mandate compliance requirements and exemptions\nInfographics from Services WA and wa.gov\n	All West Australians aged 12 years and over were eligible to be vaccinated by 13/09/21\n8/6/21 for people aged 30-49 (pfizer), 50 and over (Astrazeneca) and fpr 16 and over Indigenous and Torres Strait Islander people\n16/8/21 for people aged 16-29\nSee the 'Aus Vaccine Availability' sheet for more information	All West Australians aged 12 years and over were able to be vaccinated by 13/09/21\n10/6/21 for people aged 30-49 (pfizer), 50 and over (Astrazeneca) and fpr 16 and over Indigenous and Torres Strait Islander people\n16/8/21 for people aged 16-29\nSee the 'Aus Vaccine Availability' sheet for more information				developed with delta variant in mind	WA Government Annoucement	WAPISTT3V1	4537\n33
11	WA	WA's Safe Transition Plan 1	Public Space,Travel	travellers from high risk jurisdictions to enter WA	2021-10-30		2021-11-05	2022-02-05	Implied as Plan 2 was announced			98	Fully vaccinated by 5/11/21\nproof of a negative COVID-19 test in the 72 hours prior to departure;\nself-quarantine in a suitable premise for 14 days;\npresent for an initial COVID-19 test within 48 hours;\npresent for a COVID-19 test if any symptoms develop during quarantine;\npresent for a COVID-19 test on day 12 after arrival in WA (if still in WA);\nbe fully vaccinated against COVID-19, if eligible; and\na mandatory requirement to use the G2G Now app while in quarantine.	certain senior Government officials;\ncertain active military personnel;\nmembers of the Commonwealth Parliament;\na person carrying out functions under a law of the Commonwealth;\na person carrying out a limited range of specialist functions; and\na person given approval by the State Emergency Coordinator or an authorised officer.			Public Health Order	Announcement of WA's Safe Transition Plan\nAnnouncement on the WA Government website on the enforcement date\nAnnouncements on the WA Government website on changes in the risk level of other states always include mandate compliance requirements and exemptions\nInfographics from Services WA and wa.gov	All West Australians aged 12 years and over were eligible to be vaccinated by 13/09/21\n8/6/21 for people aged 30-49 (pfizer), 50 and over (Astrazeneca) and fpr 16 and over Indigenous and Torres Strait Islander people\n16/8/21 for people aged 16-29\nSee the 'Aus Vaccine Availability' sheet for more information	All West Australians aged 12 years and over were able to be vaccinated by 13/09/21\n10/6/21 for people aged 30-49 (pfizer), 50 and over (Astrazeneca) and fpr 16 and over Indigenous and Torres Strait Islander people\n16/8/21 for people aged 16-29\nSee the 'Aus Vaccine Availability' sheet for more information				developed with delta variant in mind	WA Government Annoucement	WAPISTT2V1	4537\n33
12	WA	WA's Safe Transition Plan 1	Public Space,Travel	travellers from extreme risk jurisdictions to enter WA	2021-10-30		2021-11-05	2022-11-04	Implied as Plan 2 was announced			370	Fully vaccinated by 5/11/21\n	Commonwealth and State officials, Members of Parliament, Diplomats and specialist or extraordinary circumstances determined by the State Emergency Coordinator or the Chief Health Office			Public Health Order	Announcement of WA's Safe Transition Plan\nAnnouncement on the WA Government website on the enforcement date\nAnnouncements on the WA Government website on changes in the risk level of other states always include mandate compliance requirements and exemptions\nInfographics from Services WA and wa.gov	All West Australians aged 12 years and over were eligible to be vaccinated by 13/09/21\n8/6/21 for people aged 30-49 (pfizer), 50 and over (Astrazeneca) and fpr 16 and over Indigenous and Torres Strait Islander people\n16/8/21 for people aged 16-29\nSee the 'Aus Vaccine Availability' sheet for more information	All West Australians aged 12 years and over were able to be vaccinated by 13/09/21\n10/6/21 for people aged 30-49 (pfizer), 50 and over (Astrazeneca) and fpr 16 and over Indigenous and Torres Strait Islander people\n16/8/21 for people aged 16-29\nSee the 'Aus Vaccine Availability' sheet for more information				developed with delta variant in mind	WA Government Annoucement	WAPISTT1V1	4538\n33
13	WA	WA's Safe Transition Plan 1	Public Space,Travel	International arrivals/travellers	2021-11-05		2021-11-05	2022-11-04	Implied as Plan 2 was announced			364	be double dose vaccinated (for eligible people)\nreturn a negative PCR test 72 hours before departure\nundertake a test on arrival (to be phased out, pending a review)\ncomplete 14 days quarantine in a designated facility (if high risk, e.g. unvaccinated people)				Public Health Order	Announcement of WA's Safe Transition Plan\nAnnouncement on the WA Government website on the enforcement date with information on the compliance requirements \nInfographics from Services WA and wa.gov	All West Australians aged 12 years and over were eligible to be vaccinated by 13/09/21\n8/6/21 for people aged 30-49 (pfizer), 50 and over (Astrazeneca) and fpr 16 and over Indigenous and Torres Strait Islander people\n16/8/21 for people aged 16-29\nSee the 'Aus Vaccine Availability' sheet for more information	All West Australians aged 12 years and over were able to be vaccinated by 13/09/21\n10/6/21 for people aged 30-49 (pfizer), 50 and over (Astrazeneca) and fpr 16 and over Indigenous and Torres Strait Islander people\n16/8/21 for people aged 16-29\nSee the 'Aus Vaccine Availability' sheet for more information				developed with delta variant in mind	WA Government Annoucement	WAPINT00V1	144
14	WA	WA's Safe Transition Plan 1	Public Space,Travel	travellers from low risk jurisdictions to enter WA	2021-10-30		2021-11-15	2022-11-04	Implied as Plan 2 was announced			370	Fully vaccinated by 15/11/21\ndouble dose vaccinated (for eligible people)\nreturn a negative PCR test 72 hours before departure undertake a test on arrival in WA (to be phased out, pending a review)				Public Health Order	Announcement of WA's Safe Transition Plan\nAnnouncement on the WA Government website on the enforcement date\nAnnouncements on the WA Government website on changes in the risk level of other states always include mandate compliance requirements and exemptions\nMcGowan had a press conference addressing the transition plan on 20/01/21\nInfographics from Services WA and wa.gov\nPosts by McGowan on Twitter and Facebook	All West Australians aged 12 years and over were eligible to be vaccinated by 13/09/21\n8/6/21 for people aged 30-49 (pfizer), 50 and over (Astrazeneca) and fpr 16 and over Indigenous and Torres Strait Islander people\n16/8/21 for people aged 16-29\nSee the 'Aus Vaccine Availability' sheet for more information	All West Australians aged 12 years and over were able to be vaccinated by 13/09/21\n10/6/21 for people aged 30-49 (pfizer), 50 and over (Astrazeneca) and fpr 16 and over Indigenous and Torres Strait Islander people\n16/8/21 for people aged 16-29\nSee the 'Aus Vaccine Availability' sheet for more information				developed with delta variant in mind	WA Government Annoucement	WAPISTT4V1	4537\n33
15	WA	WA's Safe Transition Plan 1	Public Space	School leavers attending events / gatherings	2021-10-07		2021-11-21	2022-11-04				393	First dose by 21/11/21				Public Health Order		All West Australians aged 12 years and over were eligible to be vaccinated by 13/09/21\n8/6/21 for people aged 30-49 (pfizer), 50 and over (Astrazeneca) and fpr 16 and over Indigenous and Torres Strait Islander people\n16/8/21 for people aged 16-29\nSee the 'Aus Vaccine Availability' sheet for more information	All West Australians aged 12 years and over were able to be vaccinated by 13/09/21\n10/6/21 for people aged 30-49 (pfizer), 50 and over (Astrazeneca) and fpr 16 and over Indigenous and Torres Strait Islander people\n16/8/21 for people aged 16-29\nSee the 'Aus Vaccine Availability' sheet for more information					WA Government Annoucement	WAPSCL0000	4508\n4509
16	WA	Mandatory Vaccination Policy Phased Approach	Employment	Low risk transport, freight and logistics drivers			2021-11-24	2022-06-10				198	First dose by 24/11/21\nFully vaccinated by 24/12/21		Transport, Freight and Logistics Directions under the Emergency Management Act 2005		Public Health Order		All West Australians aged 12 years and over were eligible to be vaccinated by 13/09/21\n8/6/21 for people aged 30-49 (pfizer), 50 and over (Astrazeneca) and fpr 16 and over Indigenous and Torres Strait Islander people\n16/8/21 for people aged 16-29\nSee the 'Aus Vaccine Availability' sheet for more information	All West Australians aged 12 years and over were able to be vaccinated by 13/09/21\n10/6/21 for people aged 30-49 (pfizer), 50 and over (Astrazeneca) and fpr 16 and over Indigenous and Torres Strait Islander people\n16/8/21 for people aged 16-29\nSee the 'Aus Vaccine Availability' sheet for more information						WAETFLT2V1	4506
17	WA	Mandatory Vaccination Policy Phased Approach Group 1	Employment	Health care worker - Tier 3 health care facilities	2021-09-02	2021-09-16	2021-12-01	2022-11-04	End of Public Health Emergency which removed all Public Health Directions made under the Emergency Declaration	"13/01/2022 - policy replaced by a new version\n16/09/21 - Direction No.1 revoked by No.2. No mandate changes\n22/09/22 - No. 3 came into effect but directions doesn't have a revocation section, no mandate changes.\n25/01/22 - No.3 revoked by No.4 which removed the exemption clause: ""performing a law enforcement function that cannot reasonably be performed other than by entering the health care facility"" and slightly altered a paragraph to ""responding to an emergency where the emergency response is required to be provided immediately and a fully vaccinated or partially vaccinated person is not available to provide the response;"""	43	428	First dose by 01/12/21. Second dose by 01/01/22\nevidence in the form approved by the Chief Health Officer that they have\nbeen vaccinated against COVID-19, if:\n(a) directed to do so by an emergency officer; or\n(b) required to do so by their employer or by the owner, occupier or person\napparently in charge of a health care facility.	defined under the Directions\nMedical exemption, or a Temporary exemption approved by the Chief Health Officer or their delegate, or as otherwise outlined in the Directions. Or if they are:\n(a) performing a law enforcement function that cannot reasonably be performed\nother than by entering the health care facility; or\n(b) performing a statutory duty that cannot reasonably be performed other than by entering the health care\nfacility; or\n(c) performing any function or duty or exercising any right or power under a Fair\nWork entry permit; or\n(d) responding to an emergency in a capacity other than as a health care worker or\na health support worker; or\n(e) providing emergency care to a patient in the health care facility where the\nemergency care is necessary to be provided immediately and a fully vaccinated\nor a partially vaccinated health care worker or health support worker is not available to provide that emergency care\nOr an ad hoc volunteer	Health Worker (Restrictions on Access) Directions	Unvaccinated Employees will initially be allowed to remain away from the workplace for a period\nof two weeks without disciplinary action being commenced – the Preliminary Access Restriction\nPeriod (PARP). The PARP provides time for the Employee to make a decision regarding their\nintention to be Vaccinated and/or to receive a COVID-19 vaccine, prior to commencement of\nformal disciplinary proceedings. The PARP will be unpaid.\nFollowing the expiration of the two week PARP, the Employer may initiate disciplinary proceedings\nin accordance with the Discipline Policy and Procedures.\nAny decision to initiate disciplinary action, and subsequent disciplinary outcomes, will be considered on a case by case basis and compliant with the Discipline Policy and Procedures.\nGiven the access restrictions provided for by the Aged Care Worker Directions, termination of\nemployment is a potential outcome for instances of non-compliance.\nIt is an offence for a person to fail, without reasonable excuse, to comply with any of these\ndirections, punishable by a fine of up to $20,000 for individuals and $100,000 for bodies\ncorporate.\n	Public Health Order	WA Government Annoucement\nNews articles\nRelease of guidelines\nHon Roger Cook media announcement on 02/09/21	All West Australians aged 12 years and over were eligible to be vaccinated by 13/09/21\n8/6/21 for people aged 30-49 (pfizer), 50 and over (Astrazeneca) and fpr 16 and over Indigenous and Torres Strait Islander people\n16/8/21 for people aged 16-29\nSee the 'Aus Vaccine Availability' sheet for more information	All West Australians aged 12 years and over were able to be vaccinated by 13/09/21\n10/6/21 for people aged 30-49 (pfizer), 50 and over (Astrazeneca) and fpr 16 and over Indigenous and Torres Strait Islander people\n16/8/21 for people aged 16-29\nSee the 'Aus Vaccine Availability' sheet for more information				Tier 3 : (a) a public health service facility, including ancillary facilities and facilities that\nprovide support services, and including any vehicle from which public health\nservices are provided, and any land on which any building comprising a public\nhealth service facility is located; or\n(b) any premises that are occupied by the Department ofHealth or a health service\nprovider;\n(c) any other facility that is specified to be a tier one health care facility by the Chief\nHealth Officer in writing or any person authorised by him for that purpose.	Public Health Direction	WAEHCWT300	214\n4499
18	WA	COVID-19 Mandatory Vaccination and Vaccination Program Policy Version 2	Employment	Health support worker - Tier 2 and 3 health care facilities	2021-09-02	2021-09-16	2021-12-01	2022-11-04	End of Public Health Emergency which removed all Public Health Directions made under the Emergency Declaration	"13/01/2022 - policy replaced by a new version\n16/09/21 - Direction No.1 revoked by No.2. No mandate changes\n22/09/22 - No. 3 came into effect but directions doesn't have a revocation section, no mandate changes.\n25/01/22 - No.3 revoked by No.4 which removed the exemption clause: ""performing a law enforcement function that cannot reasonably be performed other than by entering the health care facility"" and slightly altered a paragraph to ""responding to an emergency where the emergency response is required to be provided immediately and a fully vaccinated or partially vaccinated person is not available to provide the response;"""	37	428	·       First dose by 01/12/2021\n·       Fully vaccinated by 01/01/2022\nevidence in the form approved by the Chief Health Officer that they have\nbeen vaccinated against COVID-19, if:\n(a) directed to do so by an emergency officer; or\n(b) required to do so by their employer or by the owner, occupier or person\napparently in charge of a health care facility.	defined under the Directions\nMedical exemption, or a Temporary exemption approved by the Chief Health Officer or their delegate, or as otherwise outlined in the Directions. Or if they are:\n(a) performing a law enforcement function that cannot reasonably be performed\nother than by entering the health care facility; or\n(b) performing a statutory duty that cannot reasonably be performed other than by entering the health care\nfacility; or\n(c) performing any function or duty or exercising any right or power under a Fair\nWork entry permit; or\n(d) responding to an emergency in a capacity other than as a health care worker or\na health support worker; or\n(e) providing emergency care to a patient in the health care facility where the\nemergency care is necessary to be provided immediately and a fully vaccinated\nor a partially vaccinated health care worker or health support worker is not available to provide that emergency care\nOr an ad hoc volunteer	Health Worker (Restrictions on Access) Directions.	Unvaccinated Employees will initially be allowed to remain away from the workplace for a period\nof two weeks without disciplinary action being commenced – the Preliminary Access Restriction\nPeriod (PARP). The PARP provides time for the Employee to make a decision regarding their\nintention to be Vaccinated and/or to receive a COVID-19 vaccine, prior to commencement of\nformal disciplinary proceedings. The PARP will be unpaid.\nFollowing the expiration of the two week PARP, the Employer may initiate disciplinary proceedings\nin accordance with the Discipline Policy and Procedures.\nAny decision to initiate disciplinary action, and subsequent disciplinary outcomes, will be considered on a case by case basis and compliant with the Discipline Policy and Procedures.\nGiven the access restrictions provided for by the Aged Care Worker Directions, termination of\nemployment is a potential outcome for instances of non-compliance.\nIt is an offence for a person to fail, without reasonable excuse, to comply with any of these\ndirections, punishable by a fine of up to $20,000 for individuals and $100,000 for bodies\ncorporate.\n	Public Health Order	WA Government Annoucement\nNews articles\nRelease of guidelines\nHon Roger Cook media announcement on 02/09/21	All West Australians aged 12 years and over were eligible to be vaccinated by 13/09/21\n8/6/21 for people aged 30-49 (pfizer), 50 and over (Astrazeneca) and fpr 16 and over Indigenous and Torres Strait Islander people\n16/8/21 for people aged 16-29\nSee the 'Aus Vaccine Availability' sheet for more information	All West Australians aged 12 years and over were able to be vaccinated by 13/09/21\n10/6/21 for people aged 30-49 (pfizer), 50 and over (Astrazeneca) and fpr 16 and over Indigenous and Torres Strait Islander people\n16/8/21 for people aged 16-29\nSee the 'Aus Vaccine Availability' sheet for more information			0.1% (52/50000) of the WA Department of Health's employees have quit due to the mandate\n	Tier 2: (a) a hospital, including any ancillary facilities located on the land on which the\nhospital is located and the land itself\n(b) any other facility that is specified to be a tier three health care facility by the\nChief Health Officer in writing or any person authorised by him for that purpose.	Public Health Direction	WAEHSWT2V2	1237\n214\n4499\n1158\n2547
19	WA	Mandatory Vaccination Policy Phased Approach Group 1	Employment	Resources industry worker or a rig or platform crew member including FIFO (fly-in fly-out) and local workers on WA mining and resource sites, people who work in remote operations, or run critical infrastructure, including remote train and port control.	2021-10-05	2021-11-21	2021-12-01	2022-06-10			43	248	first dose of the COVID-19 vaccine by 12:01am 1 December 2021, and be fully vaccinated by 1 January 2022.\nMust provide evidence of vaccination	Nothing in these directions prevents an unvaccinated person from entering a site for:\n(a) performing a law enforcement function that requires site access;\n(b) fulfilling a statutory duty under Commonwealth law that requires site access;\n(c) exercising rights under a Fair Work, Work Health and Safety, or Industrial Relations Act entry permit; or\n(d) responding to an emergency when no vaccinated person is available.	Resources Industry Worker (Restrictions on Access) Directions.		Public Health Order		All West Australians aged 12 years and over were eligible to be vaccinated by 13/09/21\n8/6/21 for people aged 30-49 (pfizer), 50 and over (Astrazeneca) and fpr 16 and over Indigenous and Torres Strait Islander people\n16/8/21 for people aged 16-29\nSee the 'Aus Vaccine Availability' sheet for more information	All West Australians aged 12 years and over were able to be vaccinated by 13/09/21\n10/6/21 for people aged 30-49 (pfizer), 50 and over (Astrazeneca) and fpr 16 and over Indigenous and Torres Strait Islander people\n16/8/21 for people aged 16-29\nSee the 'Aus Vaccine Availability' sheet for more information					WA Government Annoucement	WAEFIFO000	800\n4500\n4501
20	WA	Mandatory Vaccination Policy Phased Approach Group 1	Employment	Department of Fire and Emergency Services and\nDepartment of Biodiversity Conservation and Attractions employees	2021-10-20	2021-11-12	2021-12-01	2022-06-10				233	First dose by 1 December 2021\nSecond dose by 1 January 2022	Prior anaphylaxis reaction to a vaccine or its components\nSignificant immunocompromisation (for live vaccines only)\nTemporary exemption granted through application process\nPerforming specific duties outlined in guidelines\nProviding welfare services at emergency sites as an ad hoc volunteer\nResponding to emergencies in non-vaccination-required capacities\nAny other declared exempt persons or classes	Fire and Emergency Services Worker\n(Restrictions on Access) Directions		Public Health Order\nDepartment of Fire and Emergency Services	Commissioner of Police issued an Employer Direction on 24/12/21	All West Australians aged 12 years and over were eligible to be vaccinated by 13/09/21\n8/6/21 for people aged 30-49 (pfizer), 50 and over (Astrazeneca) and fpr 16 and over Indigenous and Torres Strait Islander people\n16/8/21 for people aged 16-29\nSee the 'Aus Vaccine Availability' sheet for more information	All West Australians aged 12 years and over were able to be vaccinated by 13/09/21\n10/6/21 for people aged 30-49 (pfizer), 50 and over (Astrazeneca) and fpr 16 and over Indigenous and Torres Strait Islander people\n16/8/21 for people aged 16-29\nSee the 'Aus Vaccine Availability' sheet for more information					DFES media release	WAEFEST1V1	4507
21	WA	Meat Industry Worker (Restrictions on Access) Directions	Employment	Meat Industry Worker	2021-10-20	2021-11-10	2021-12-01	2022-06-10			48	233	Partially vaccinated by 1/12/21\nFully vaccinated by 1/1/22	(a) performing a law enforcement function that cannot reasonably be performed\nother than by entering the meat industry site; or\n(b) performing a statutory duty arising under a law of the Commonwealth that\ncannot reasonably be performed other than by entering the meat industry site;\nor\n(c) performing any function or duty or exercising any right or power under a Fair\nWork entry permit issued by the Fair Work Commission under the Fair Work\nAct 2009 (Cth) or a Work Health and Safety entry permit issued by the Fair\nWork Commission under the Work Health and Safety Act 2011 (Cth) or a right\nof entry permit issued by the Registrar of the Department of the Registrar,\nWestern Australian Industrial Relations Commission under the Industrial\nRelations Act 1979 (WA);\n(d) responding to an emergency where the emergency response is required to be\nprovided immediately and a fully vaccinated or partially vaccinated person is\nnot available to provide the response;	Meat Industry Worker (Restrictions on Access) Directions		Public Health Order		All West Australians aged 12 years and over were eligible to be vaccinated by 13/09/21\n8/6/21 for people aged 30-49 (pfizer), 50 and over (Astrazeneca) and fpr 16 and over Indigenous and Torres Strait Islander people\n16/8/21 for people aged 16-29\nSee the 'Aus Vaccine Availability' sheet for more information	All West Australians aged 12 years and over were able to be vaccinated by 13/09/21\n10/6/21 for people aged 30-49 (pfizer), 50 and over (Astrazeneca) and fpr 16 and over Indigenous and Torres Strait Islander people\n16/8/21 for people aged 16-29\nSee the 'Aus Vaccine Availability' sheet for more information						WAEMIW00V1	
22	WA	Air Services and Border Worker\n(Restrictions on Access) Directions.	Employment	air services worker	2021-10-20	2021-11-12	2021-12-01	2022-06-10			48	233	air services worker must not enter an airport unless they have received one dose by 1/12/21\nsecond dose by 1/1/22\nMust provide evidence of vaccination	Unvaccinated individuals may enter an airport or border crossing checkpoint to:\n(a) perform a law enforcement function;\n(b) fulfill a statutory duty under Commonwealth law;\n(c) exercise rights under a Fair Work, Work Health and Safety, or Industrial Relations Act entry permit; or\n(d) respond to an emergency when no vaccinated person is available.	Air Services and Border Worker\n(Restrictions on Access) Directions.	It is an offence for a person to fail, without reasonable excuse, to comply with any of these directions, punishable by a fine of up to $20,000 for individuals and $100,000 for bodies corporate.	Public Health Order	ABC news article									
23	WA	Air Services and Border Worker\n(Restrictions on Access) Directions.	Employment	border worker	2021-10-20	2021-11-12	2021-12-01	2022-06-10			48	233	border worker must not enter, or remain at a border crossing checkpoint unless they have received one dose by 1/12/21\nsecond dose by 1/1/22\nMust provide evidence of vaccination	Unvaccinated individuals may enter an airport or border crossing checkpoint to:\n(a) perform a law enforcement function;\n(b) fulfill a statutory duty under Commonwealth law;\n(c) exercise rights under a Fair Work, Work Health and Safety, or Industrial Relations Act entry permit; or\n(d) respond to an emergency when no vaccinated person is available.	Air Services and Border Worker\n(Restrictions on Access) Directions.	It is an offence for a person to fail, without reasonable excuse, to comply with any of these directions, punishable by a fine of up to $20,000 for individuals and $100,000 for bodies corporate.	Public Health Order	ABC news article									
24	WA	Mandatory Vaccination Policy Phased Approach Group 1	Employment,Public Space	all persons requiring entry to correctional facilities	2021-11-15		2021-12-01	2022-06-10			46	207	First dose by 1 December 2021\nSecond dose by 1 January 2022\nNeed to provide evidence\n10/06/2022 - no need to show proof of vaccination\nBooster enforced on 5/2/2022		WA Correctional Facility Entrant Directions		WA Department of Justice		All West Australians aged 12 years and over were eligible to be vaccinated by 13/09/21\n8/6/21 for people aged 30-49 (pfizer), 50 and over (Astrazeneca) and fpr 16 and over Indigenous and Torres Strait Islander people\n16/8/21 for people aged 16-29\nSee the 'Aus Vaccine Availability' sheet for more information	All West Australians aged 12 years and over were able to be vaccinated by 13/09/21\n10/6/21 for people aged 30-49 (pfizer), 50 and over (Astrazeneca) and fpr 16 and over Indigenous and Torres Strait Islander people\n16/8/21 for people aged 16-29\nSee the 'Aus Vaccine Availability' sheet for more information					WA Government Annoucement	WABCRF00V1	
25	WA	Community Care Services Worker\n(Restrictions on Access) Directions	Employment	Community care services worker		2021-11-05	2021-12-01	2022-06-10		25/11/21: revoked by Community Care Services Worker (Restrictions on Access) Directions (No 2) to include section on critical service workers	48	217	Partially vaccinated by 1/12/21\nFully vaccinated by 1/1/22	Unvaccinated individuals may enter a community care services facility or accommodation to:\n(a) perform a law enforcement function;\n(b) fulfill a statutory duty under Commonwealth law;\n(c) exercise rights under a Fair Work, Work Health and Safety, or Industrial Relations Act entry permit; or\n(d) respond to an emergency when no vaccinated person is available.	Community Care Services Worker (Restrictions on Access) Directions (No 3)	It is an offence for a person to fail, without reasonable excuse, to comply with any of these directions, punishable by a fine of up to $20,000 for individuals and $100,000 for bodies corporate.	Public Health Order		All West Australians aged 12 years and over were eligible to be vaccinated by 13/09/21\n8/6/21 for people aged 30-49 (pfizer), 50 and over (Astrazeneca) and fpr 16 and over Indigenous and Torres Strait Islander people\n16/8/21 for people aged 16-29\nSee the 'Aus Vaccine Availability' sheet for more information	All West Australians aged 12 years and over were able to be vaccinated by 13/09/21\n10/6/21 for people aged 30-49 (pfizer), 50 and over (Astrazeneca) and fpr 16 and over Indigenous and Torres Strait Islander people\n16/8/21 for people aged 16-29\nSee the 'Aus Vaccine Availability' sheet for more information						WAEOTHT100	
26	WA	Education Worker (Restrictions on\nAccess) Directions	Employment	Education workers working at education facilities	2021-11-12	2021-11-29	2022-01-01	2022-06-10			48	210	First dose by 1/1/22\nSecond dose by 31/1/22	Unvaccinated individuals may enter an education facility to:\n(a) fulfill a statutory duty under Commonwealth law;\n(b) exercise rights under a Fair Work, Work Health and Safety, or Industrial Relations Act entry permit; or\n(c) respond to an emergency when no vaccinated person is available.	Education Worker (Restrictions on\nAccess) Directions	It is an offence for a person to fail, without reasonable excuse, to comply with any of these directions, punishable by a fine of up to $20,000 for individuals and $100,000 for bodies corporate.	Public Health Order	ABC news article				A Department of Education survey has found 1.4 per cent of school-based staff either intend to apply for a vaccine exemption on medical grounds, or do not want to get the jab. ABC News				WAEEDUT100	
27	WA	Mandatory Vaccination Policy Phased Approach Group 1	Employment	Fire and emergency service workers including WA Police	2021-10-20	2021-11-12	2022-01-01	2022-06-10			43	233	First dose by 1/1/2022\nSecond dose by 1/2/2022	Prior anaphylaxis reaction to a vaccine or its components\nSignificant immunocompromisation (for live vaccines only)\nTemporary exemption granted through application process\nPerforming specific duties outlined in guidelines\nProviding welfare services at emergency sites as an ad hoc volunteer\nResponding to emergencies in non-vaccination-required capacities\nAny other declared exempt persons or classes	Fire and Emergency Services Worker\n(Restrictions on Access) Directions		Public Health Order\nDepartment of Fire and Emergency Services	Commissioner of Police issued an Employer Direction on 24/12/21\nNews article on 20/10/21	All West Australians aged 12 years and over were eligible to be vaccinated by 13/09/21\n8/6/21 for people aged 30-49 (pfizer), 50 and over (Astrazeneca) and fpr 16 and over Indigenous and Torres Strait Islander people\n16/8/21 for people aged 16-29\nSee the 'Aus Vaccine Availability' sheet for more information	All West Australians aged 12 years and over were able to be vaccinated by 13/09/21\n10/6/21 for people aged 30-49 (pfizer), 50 and over (Astrazeneca) and fpr 16 and over Indigenous and Torres Strait Islander people\n16/8/21 for people aged 16-29\nSee the 'Aus Vaccine Availability' sheet for more information					DFES media release	WAEFEST2V1	4507
28	WA	Remote Aboriginal Community Worker\n(Restrictions on Access) Directions	Employment	remote Aboriginal community workers		2021-12-08	2022-01-01	2022-06-10			48	184	First dose by 1/1/22\nFully vaccinated by 1/2/22	Unvaccinated remote Aboriginal community workers may enter or remain in a remote Aboriginal community for:\n(a) performing a law enforcement function;\n(b) family or cultural purposes, for as long as necessary;\n(c) transiting through, without contact with residents and taking the most direct route;\n(d) residing in the community without leaving;\n(e) fulfilling a statutory duty under Commonwealth law;\n(f) exercising rights under a Fair Work, Work Health and Safety, or Industrial Relations Act entry permit;\n(g) responding to an emergency when no vaccinated person is available; or\n(h) any circumstance approved in writing by the Chief Health Officer.	Remote Aboriginal Community Worker\n(Restrictions on Access) Directions		Public Health Order		All West Australians aged 12 years and over were eligible to be vaccinated by 13/09/21\n8/6/21 for people aged 30-49 (pfizer), 50 and over (Astrazeneca) and fpr 16 and over Indigenous and Torres Strait Islander people\n16/8/21 for people aged 16-29\nSee the 'Aus Vaccine Availability' sheet for more information	All West Australians aged 12 years and over were able to be vaccinated by 13/09/21\n10/6/21 for people aged 30-49 (pfizer), 50 and over (Astrazeneca) and fpr 16 and over Indigenous and Torres Strait Islander people\n16/8/21 for people aged 16-29\nSee the 'Aus Vaccine Availability' sheet for more information						WAERCW0000	4506
29	WA	Mandatory Vaccination Policy Phased Approach	Employment	Building and construction workers		2021-11-29	2022-01-01	2022-06-10				193	First dose by 01/01/22\nSecond dose by 01/02/22\nBuilding and construction workers (and any other occupation covered by a set of directions) who were eligible to receive their booster dose on or before 4 January 2022 had to receive their booster dose by 5 February 2022.	• Medical exemption\n• temporary exemption\n• performing a specific duty (includes statutory duty, performing any function or duty or exercising any right or power under a Fair Work entry permit or a Work Health and Safety entry permit)\n• responding to an emergency in a capacity other than a person who is subject to vaccination requirements under a direction.\n• Any other person or class of persons declared to be an exempt person.	Building and Construction Industry Worker (Restrictions on Access) Directions	It is an offence for a person to fail, without reasonable excuse, to comply with any of these\ndirections, punishable by a fine of up to $20,000 for individuals and $100,000 for bodies corporate.	Public Health Order		All West Australians aged 12 years and over were eligible to be vaccinated by 13/09/21\n8/6/21 for people aged 30-49 (pfizer), 50 and over (Astrazeneca) and fpr 16 and over Indigenous and Torres Strait Islander people\n16/8/21 for people aged 16-29\nSee the 'Aus Vaccine Availability' sheet for more information	All West Australians aged 12 years and over were able to be vaccinated by 13/09/21\n10/6/21 for people aged 30-49 (pfizer), 50 and over (Astrazeneca) and fpr 16 and over Indigenous and Torres Strait Islander people\n16/8/21 for people aged 16-29\nSee the 'Aus Vaccine Availability' sheet for more information	ATAGI recommends that a person receive their\nbooster vaccination being:\n(a) from the 24 December 2021 until 3 January 2022, a date which is 5 months from\nthe date the person became fully vaccinated;\n(b) from 4 January 2022 until 30 January 2022, a date which is 4 months from the\ndate the person became fully vaccinated;\n( c) from 31 January 2022, a date which is 3 months from the date the person became\nfully vaccinated				WA Government Annoucement	WAEBCW0000	4536
30	WA	Community Care Services Worker\n(Restrictions on Access) Directions	Employment	Community Care Critical Services\nWorker		2021-11-25	2022-01-01	2022-06-10			48	197	Partially vaccinated by 1/1/22\nFully vaccinated by 1/2/22	Unvaccinated individuals may enter a community care services facility or accommodation to:\n(a) perform a law enforcement function;\n(b) fulfill a statutory duty under Commonwealth law;\n(c) exercise rights under a Fair Work, Work Health and Safety, or Industrial Relations Act entry permit; or\n(d) respond to an emergency when no vaccinated person is available.	Community Care Services Worker (Restrictions on Access) Directions (No 3)	It is an offence for a person to fail, without reasonable excuse, to comply with any of these directions, punishable by a fine of up to $20,000 for individuals and $100,000 for bodies corporate.	Public Health Order		All West Australians aged 12 years and over were eligible to be vaccinated by 13/09/21\n8/6/21 for people aged 30-49 (pfizer), 50 and over (Astrazeneca) and fpr 16 and over Indigenous and Torres Strait Islander people\n16/8/21 for people aged 16-29\nSee the 'Aus Vaccine Availability' sheet for more information	All West Australians aged 12 years and over were able to be vaccinated by 13/09/21\n10/6/21 for people aged 30-49 (pfizer), 50 and over (Astrazeneca) and fpr 16 and over Indigenous and Torres Strait Islander people\n16/8/21 for people aged 16-29\nSee the 'Aus Vaccine Availability' sheet for more information						WAEOTHT200	
31	WA	Public and Commercial Transport\nWorkers (Restrictions on Access) Directions.	Employment	Public and Commercial Transport\nWorkers		2021-12-03	2022-01-01	2022-06-10			48	189	First dose by 1/1/22\nSecond dose by 1/2/22	Unvaccinated individuals may drive or board commercial or public transport to:\n(a) perform a law enforcement function (excluding security officers or authorized persons on public transport);\n(b) fulfill a statutory duty under Commonwealth law;\n(c) exercise rights under a Fair Work, Work Health and Safety, or Industrial Relations Act entry permit; or\n(d) respond to an emergency when no vaccinated person is available.	Public and Commercial Transport\nWorkers (Restrictions on Access) Directions.	It is an offence for a person to fail, without reasonable excuse, to comply with any of these directions, punishable by a fine of up to $20,000 for individuals and $100,000 for bodies corporate.	Public Health Order									WAEOTHT300	
32	WA	Critical Businesses Worker (Restrictions\non Access) Directions	Employment	Critical business workers	2021-10-20	2021-12-06	2022-01-01	2022-06-10			48	233	First dose by 1/1/22\nSecond dose by 1/2/22\nBooster dose by 5/2/22 or a month after second dose	Unvaccinated individuals may enter a critical business site to:\n(a) perform a law enforcement function;\n(b) fulfill a statutory duty under Commonwealth law;\n(c) exercise rights under a Fair Work, Work Health and Safety, or Industrial Relations Act entry permit; or\n(d) respond to an emergency when no vaccinated person is available	Critical Businesses Worker (Restrictions\non Access) Directions	It is an offence for a person to fail, without reasonable excuse, to comply with any of these directions, punishable by a fine of up to $20,000 for individuals and $100,000 for bodies corporate.	Public Health Order							"What counts as a “critical business site”, i.e. where ""critical business workers"" work:\n\n1) Critical accommodation premises \n- Hotels, motels or other accommodation facilities (to the extent they provide accommodation).\n\n- Caravan parks and camping grounds (excluding residential parks). \n\n2) Critical hospitality premises \n\n- Restaurants, cafés, pubs, bars or clubs (not nightclubs), including food courts, shopping-centre outlets and food trucks/vehicles; dine-in, takeaway or delivery.\n\n- Truckstops/roadhouses.\n\n- Distilleries, breweries and wineries only to the extent they provide food for on-site consumption, takeaway or delivery. \n\n3) Critical retail, service or distribution premises \n\n- Supermarket, grocery store, butcher, fruit & veg store, fishmonger.\n\n- Retail bakery; bulk food shop; health-food shop.\n\n- Permanent indoor/outdoor markets to the extent they sell groceries/meat/fruit/veg/fish/fresh or prepared food.\n\n- Bank/credit union/building society shopfront.\n\n- Retail hardware store.\n\n- Food distribution centres (excluding manufacturers).\n\n- Petrol stations (including those that sell groceries/food).\n\n- Veterinary clinics/hospitals.\n\n- Funeral, burial, cremation premises (including funeral parlours, crematoria). \n\n4) Plus: any other premises or class of premises specified in writing by the Chief Health Officer under the Directions."		WAEOTHT400	https://www.wa.gov.au/government/announcements/mandatory-covid-19-vaccination-policy-wa-workforces
33	WA	Critical Government Regulator\n(Restrictions on Access) Directions	Employment	Critical government regulator		2021-12-15	2022-01-01	2022-06-10			48	177	First dose by 1/1/22\nSecond dose by 1/2/22	Unvaccinated individuals may enter a critical government regulator site to:\n(a) perform a law enforcement function;\n(b) fulfill a statutory duty under Commonwealth law;\n(c) exercise rights under a Fair Work or Work Health and Safety entry permit; or\n(d) respond to an emergency when no vaccinated person is available.	Critical Government Regulator\n(Restrictions on Access) Directions	It is an offence for a person to fail, without reasonable excuse, to comply with any of these directions, punishable by a fine of up to $20,000 for individuals and $100,000 for bodies corporate.	Public Health Order									WAEOTHT500	
34	WA	Ministerial Staff Member (Restrictions on\nAccess) Directions	Employment	Ministerial staff member entering a Ministerial site		2021-12-17	2022-01-01	2022-06-10			48	175	First dose by 1/1/22\nSecond dose by 1/2/22	Unvaccinated individuals may enter a Ministerial site to:\n(a) perform a law enforcement function;\n(b) fulfill a statutory duty under Commonwealth law;\n(c) exercise rights under a Fair Work, Work Health and Safety, or Industrial Relations Act entry permit;\n(d) respond to an emergency when no vaccinated person is available; or\n(e) under any written approval from the Chief Health Officer, subject to conditions.	Ministerial Staff Member (Restrictions on\nAccess) Directions	It is an offence for a person to fail, without reasonable excuse, to comply with any of these directions, punishable by a fine of up to $20,000 for individuals and $100,000 for bodies corporate.										WAEOTHT600	
35	WA	Critical Infrastructure Worker\n(Restrictions on Access) Directions	Employment	Critical infrastructure workers		2021-12-17	2022-01-01	2022-06-10			48	175	First dose by 1/1/22\nSecond dose by 1/2/22	Unvaccinated individuals may enter to:\n(a) perform a law enforcement function;\n(b) fulfill a statutory duty under Commonwealth law;\n(c) exercise rights under a Fair Work, Work Health and Safety, or Industrial Relations Act entry permit;\n(d) respond to an emergency when no vaccinated person is available; or\n(e) under any written approval from the Chief Health Officer, subject to conditions.	Critical Infrastructure Worker\n(Restrictions on Access) Directions	It is an offence for a person to fail, without reasonable excuse, to comply with any of these directions, punishable by a fine of up to $20,000 for individuals and $100,000 for bodies corporate.										WAEOTHT700	
36	WA	Port Worker and Exposed Port Worker (Restrictions on Access) Directions	Employment	Port workers		2021-11-25	2022-01-01	2022-11-04	End of Public Health Emergency which removed all Public Health Directions made under the Emergency Declaration\nNot sure if the directions were lifted earlier		48	344	From 01/01/22, port workers much have one dose to embark or perform work on an unexposed vessel; or enter or remain at a port to carry out port activities or port operations\nor port services or remain upon a vehicle in order to carry only persons disembarking from\nan unexposed vessel\n\nMust have second dose by 01/02/22	Nothing in these directions prevents an unvaccinated person from boarding an exposed or unexposed vessel, dedicated conveyance, or entering a port for the purpose of:\n(a) performing a law enforcement function that requires boarding the vessel or entering the port;\n(b) fulfilling a statutory duty under Commonwealth law that requires boarding the vessel or entering the port;\n(c) exercising rights under a Fair Work or Work Health and Safety entry permit, or a permit under the Industrial Relations Act 1979 (WA); or\n(d) responding to an emergency when no vaccinated or partially vaccinated person is available.	Port Worker and Exposed Port Worker (Restrictions on Access) Directions.	It is an offence for a person to fail, without reasonable excuse, to comply with any of these\ndirections, punishable by a fine of up to $20,000 for individuals and $100,000 for bodies\ncorporate.\n	Public Health Order									WAEPOWT200	5284
37	WA	(BOOSTER) COVID-19 Mandatory Vaccination and Vaccination Program Policy Version 3	Employment	Healthcare and health support workers in hospitals and primary health care settings;		2022-01-13	2022-01-13	2022-11-04	4/11/22 End of Public Health Emergency which removed all Public Health Directions made under the Emergency Declaration			295	BOOSTER\nMust provide evidence of vaccination\nV3 - mandates Booster vaccination	defined under the Directions\nMedical exemption, or a Temporary exemption approved by the Chief Health Officer or their delegate, or as otherwise outlined in the Directions.	PRIMARY HEALTH CARE WORKER (RESTRICTIONS ON ACCESS) DIRECTIONS		Public Health Order	WA Government Annoucement\nNews articles\nRelease of guidelines	All West Australians aged 12 years and over were eligible to be vaccinated by 13/09/21\n8/6/21 for people aged 30-49 (pfizer), 50 and over (Astrazeneca) and fpr 16 and over Indigenous and Torres Strait Islander people\n16/8/21 for people aged 16-29\nSee the 'Aus Vaccine Availability' sheet for more information	All West Australians aged 12 years and over were able to be vaccinated by 13/09/21\n10/6/21 for people aged 30-49 (pfizer), 50 and over (Astrazeneca) and fpr 16 and over Indigenous and Torres Strait Islander people\n16/8/21 for people aged 16-29\nSee the 'Aus Vaccine Availability' sheet for more information	ATAGI recommends that a person receive their\nbooster vaccination being:\n(a) from the 24 December 2021 until 3 January 2022, a date which is 5 months from\nthe date the person became fully vaccinated;\n(b) from 4 January 2022 until 30 January 2022, a date which is 4 months from the\ndate the person became fully vaccinated;\n( c) from 31 January 2022, a date which is 3 months from the date the person became\nfully vaccinated				Department of Health\nPolicy Framework	WAEHCWT0V3	1237
38	WA	(BOOSTER) COVID-19 Mandatory Vaccination and Vaccination Program Policy Version 3	Employment	Healthcare and health support \nworkers in residential aged care; and\nWorkers in residential disability settings.		2022-01-13	2022-01-13	2022-11-04	4/11/22 End of Public Health Emergency which removed all Public Health Directions made under the Emergency Declaration			295	BOOSTER\nMust provide evidence of vaccination\nV3 - mandates Booster vaccination	defined under the Directions\nMedical exemption, or a Temporary exemption approved by the Chief Health Officer or their delegate, or as otherwise outlined in the Directions.	RESIDENTIAL AGED CARE FACILITY WORKER ACCESS DIRECTIONS		Public Health Order	WA Government Annoucement\nNews articles	All West Australians aged 12 years and over were eligible to be vaccinated by 13/09/21\n8/6/21 for people aged 30-49 (pfizer), 50 and over (Astrazeneca) and fpr 16 and over Indigenous and Torres Strait Islander people\n16/8/21 for people aged 16-29\nSee the 'Aus Vaccine Availability' sheet for more information	All West Australians aged 12 years and over were able to be vaccinated by 13/09/21\n10/6/21 for people aged 30-49 (pfizer), 50 and over (Astrazeneca) and fpr 16 and over Indigenous and Torres Strait Islander people\n16/8/21 for people aged 16-29\nSee the 'Aus Vaccine Availability' sheet for more information	ATAGI recommends that a person receive their\nbooster vaccination being:\n(a) from the 24 December 2021 until 3 January 2022, a date which is 5 months from\nthe date the person became fully vaccinated;\n(b) from 4 January 2022 until 30 January 2022, a date which is 4 months from the\ndate the person became fully vaccinated;\n( c) from 31 January 2022, a date which is 3 months from the date the person became\nfully vaccinated				Department of Health\nPolicy Framework	WAERAC00V3	1237
39	WA	WA's Safe Transition Plan 1	Employment	Employees working at venues and events state-wide:\nAll hospitality venues, food and licensed venues including restaurants, dine-in fast food, cafés, bars, pubs, clubs, taverns, licensed commercial boats:\nexcluding food and non-alcoholic beverage takeaway; food courts; roadhouses, and petrol stations\nNight clubs\nBottle shops (including drive through bottle shops)\nIndoor entertainment venues (including play centres, gaming and gambling, theatres, concert halls, cinemas, live music venues, including Perth Convention Centre) and the following specified cultural venues:\nArt Gallery of WA\nGoldfields Arts Centre\nPerth Institute of Contemporary Arts\nWA Museum Boola Bardip\nWA Maritime Museum\nShipwrecks Museum (Fremantle)\nMuseum of the Great Southern\nMuseum of the Goldfields\nMuseum of Geraldton\nGwoonwardu Mia (Carnarvon)\nCrown Perth Complex\nMajor stadiums\nMusic festivals and indoor large events with more than 500 people, unless exempt.\nGyms, fitness studios and centres\nZoos and amusement parks\nVisitors to residential aged care and hospitals	2021-10-20		2022-01-31	2022-11-04	Implied as Plan 2 was announced			380	First dose by 31/1/22\nSecond dose by 28/2/22	Community sport and school-based events, unless at one of the specific venues listed			Public Health Order	State government statement on 19/10/21\nInfographics from Services WA and wa.gov\nPosts by McGowan on Twitter and Facebook	All West Australians aged 12 years and over were eligible to be vaccinated by 13/09/21\n8/6/21 for people aged 30-49 (pfizer), 50 and over (Astrazeneca) and fpr 16 and over Indigenous and Torres Strait Islander people\n16/8/21 for people aged 16-29\nSee the 'Aus Vaccine Availability' sheet for more information	All West Australians aged 12 years and over were able to be vaccinated by 13/09/21\n10/6/21 for people aged 30-49 (pfizer), 50 and over (Astrazeneca) and fpr 16 and over Indigenous and Torres Strait Islander people\n16/8/21 for people aged 16-29\nSee the 'Aus Vaccine Availability' sheet for more information				boarder was set to open on 5/2/22 but was extended due to omicron	WA Government Annoucement	WAEVAE00V1	
40	WA	WA's Safe Transition Plan 1	Public Space	people people aged 16 years and over going to venues and events state-wide	2022-01-13		2022-01-31	2022-11-04	Implied as Plan 2 was announced			295	proof of vaccination required for:\nAll hospitality venues, food and licensed venues including restaurants, dine-in fast food, cafés, bars, pubs, clubs, taverns, licensed commercial boats:\nexcluding food and non-alcoholic beverage takeaway; food courts; roadhouses, and petrol stations\nNight clubs\nBottle shops (including drive through bottle shops)\nIndoor entertainment venues (including play centres, gaming and gambling, theatres, concert halls, cinemas, live music venues, including Perth Convention Centre) and the following specified cultural venues:\nArt Gallery of WA\nGoldfields Arts Centre\nPerth Institute of Contemporary Arts\nWA Museum Boola Bardip\nWA Maritime Museum\nShipwrecks Museum (Fremantle)\nMuseum of the Great Southern\nMuseum of the Goldfields\nMuseum of Geraldton\nGwoonwardu Mia (Carnarvon)\nCrown Perth Complex\nMajor stadiums\nMusic festivals and indoor large events with more than 500 people, unless exempt.\nGyms, fitness studios and centres\nZoos and amusement parks\nVisitors to residential aged care and hospitals	Community sport and school-based events, unless at one of the specific venues listed			Public Health Order		All West Australians aged 12 years and over were eligible to be vaccinated by 13/09/21\n8/6/21 for people aged 30-49 (pfizer), 50 and over (Astrazeneca) and fpr 16 and over Indigenous and Torres Strait Islander people\n16/8/21 for people aged 16-29\nSee the 'Aus Vaccine Availability' sheet for more information	All West Australians aged 12 years and over were able to be vaccinated by 13/09/21\n10/6/21 for people aged 30-49 (pfizer), 50 and over (Astrazeneca) and fpr 16 and over Indigenous and Torres Strait Islander people\n16/8/21 for people aged 16-29\nSee the 'Aus Vaccine Availability' sheet for more information				developed with delta variant in mind	WA Government Annoucement	WAPVAET0V1	
41	WA	WA's Safe Transition Plan 2	Public Space	people 16 years and older	2021-12-13		2022-02-05	2022-04-29	annouced by wa.gov announcement			137	Proof of vaccination for people 16 years and older will be required at:\nvenues or events with 1,000 or more patrons;\nnightclubs;\nthe Crown complex; and\nthe four major stadia (Optus Stadium, RAC Arena, HBF Stadium and HBF Park)				Public Health Order	McGowan had a press conference addressing the updated transition plan on 20/01/21\nInfographics from Services WA and wa.gov\nPosts by McGowan on Twitter and Facebook	All West Australians aged 12 years and over were eligible to be vaccinated by 13/09/21\n8/6/21 for people aged 30-49 (pfizer), 50 and over (Astrazeneca) and fpr 16 and over Indigenous and Torres Strait Islander people\n16/8/21 for people aged 16-29\nSee the 'Aus Vaccine Availability' sheet for more information	All West Australians aged 12 years and over were able to be vaccinated by 13/09/21\n10/6/21 for people aged 30-49 (pfizer), 50 and over (Astrazeneca) and fpr 16 and over Indigenous and Torres Strait Islander people\n16/8/21 for people aged 16-29\nSee the 'Aus Vaccine Availability' sheet for more information					WA Government Annoucement	WAPVAET1V2	784
42	WA	WA's Safe Transition Plan 2	Public Space	areas that haven't reached an 80% vaccination rate by 5/2/22	2021-12-13		2022-02-05	2022-04-29	annouced by wa.gov announcement			137	proof of vaccination will be required at pubs, bars, dine-in cafés and restaurants, bottle shops, indoor entertainment venues, gyms and fitness centres;\nmasks will be required at all indoor public venues without a proof of vaccination entry requirement (such as supermarkets, roadhouses and take away services);\nonly double dose vaccinated travellers will be permitted into the region by air.				Public Health Order	McGowan had a press conference addressing the updated transition plan on 20/01/21\nInfographics from Services WA and wa.gov\nPosts by McGowan on Twitter and Facebook	All West Australians aged 12 years and over were eligible to be vaccinated by 13/09/21\n8/6/21 for people aged 30-49 (pfizer), 50 and over (Astrazeneca) and fpr 16 and over Indigenous and Torres Strait Islander people\n16/8/21 for people aged 16-29\nSee the 'Aus Vaccine Availability' sheet for more information	All West Australians aged 12 years and over were able to be vaccinated by 13/09/21\n10/6/21 for people aged 30-49 (pfizer), 50 and over (Astrazeneca) and fpr 16 and over Indigenous and Torres Strait Islander people\n16/8/21 for people aged 16-29\nSee the 'Aus Vaccine Availability' sheet for more information					WA Government Annoucement	WAPVAET2V2	784
43	WA	(Booster) 2022-2-5	Employment	Western Australia workers who come under an existing vaccine mandate:\nhotel quarantine staff, healthcare and health support workers, mission critical police staff , port workers, freight and logistics workers, resources workers and primary and community health workers.	2021-12-22		2022-02-05	2022-06-10				170	BOOSTER Required to have a third dose within one month of eligibility	(a) performing a law enforcement function that cannot reasonably be performed\nother than by entering the site; or\n(b) performing a statutory duty arising under a law of the Commonwealth that\ncannot reasonably be performed other than by entering the site; or\n(c) performing any function or duty or exercising any right or power under a Fair\nWork entry permit issued by the Fair Work Commission under the Fair Work\nAct 2009 (Cth) or a Work Health and Safety entry permit issued by the Fair\nWork Commission under the Work Health and Safety Act 2011 (Cth) or a right\nof entry permit issued by the Registrar of the Department of the Registrar,\nWestem Australian Industrial Relations Commission under the Industrial\nRelations Act 1979 (WA); or\n(d) responding to an emergency where the emergency response is required to be\nprovided immediately and there is no available alternative to the response being\nprovided by the vaccination directed person.			Public Health Order		All West Australians aged 12 years and over were eligible to be vaccinated by 13/09/21\n8/6/21 for people aged 30-49 (pfizer), 50 and over (Astrazeneca) and fpr 16 and over Indigenous and Torres Strait Islander people\n16/8/21 for people aged 16-29\nSee the 'Aus Vaccine Availability' sheet for more information	All West Australians aged 12 years and over were able to be vaccinated by 13/09/21\n10/6/21 for people aged 30-49 (pfizer), 50 and over (Astrazeneca) and fpr 16 and over Indigenous and Torres Strait Islander people\n16/8/21 for people aged 16-29\nSee the 'Aus Vaccine Availability' sheet for more information					WA Government Annoucement	WAEALLT200	4502\n806
44	WA	WA's Safe Transition Plan 2	Public Space,Travel	Interstate arrivals/travellers	2022-01-20		2022-02-05	2022-11-04	Implied as Plan 3 was announced			288	Hard border\nTravellers must have an approved G2G Pass, under the new exemption criteria;\nBe triple dose vaccinated, if eligible (or double dose vaccinated if not eligible for a third dose);\nProvide proof of a negative Rapid Antigen Test (RAT) within 24 hours before departure;\nUndertake 14 days of self-quarantine at a suitable premises, with the same requirements for household members at the self-quarantine premises; \nPCR testing within 48 hours of arrival and on day 12 of self-quarantine, and household members will also be required to do a PCR test on the traveller’s day 12;\nSubject to mandatory use of the G2G Now app and in-person checks by WA Police as required.\nAdditional requirements are in place for domestic road travel to keep WA safe:\nApproved domestic travellers to limit travel to 1,500km from road borders, to enable people to travel by road to suitable premises for quarantine in Perth from Eucla;\nEntry at the Kununurra border only permitted for transport, freight and logistics and border community residents;\nRestricted travel into remote Aboriginal communities.	Returning Western Australians, with strong recent connections;\nPersons with direct legitimate family connections with WA;\nCompassionate grounds including funeral, palliative care or terminally ill visitation;\nMember of the family of an approved traveller;\nPeople entering for urgent and essential medical treatment;\nReasons of national and state security;\nCommonwealth and State officials, Members of Parliament, Diplomats;\nProvision of specialist skills not available in WA, health services, emergency service workers;\nPeople required to attend court matters, judicial officers and staff of court, tribunals and commissions; and\nSpecial considerations and extraordinary circumstances determined by the State Emergency Coordinator or Chief Health Officer.			Public Health Order	McGowan had a press conference addressing the transition plan on 20/01/21\nInfographics from Services WA and wa.gov\nPosts by McGowan on Twitter and Facebook	All West Australians aged 12 years and over were eligible to be vaccinated by 13/09/21\n8/6/21 for people aged 30-49 (pfizer), 50 and over (Astrazeneca) and fpr 16 and over Indigenous and Torres Strait Islander people\n16/8/21 for people aged 16-29\nSee the 'Aus Vaccine Availability' sheet for more information	All West Australians aged 12 years and over were able to be vaccinated by 13/09/21\n10/6/21 for people aged 30-49 (pfizer), 50 and over (Astrazeneca) and fpr 16 and over Indigenous and Torres Strait Islander people\n16/8/21 for people aged 16-29\nSee the 'Aus Vaccine Availability' sheet for more information				Hard border from 5/2/22 to 3/3/22 (extended due to omicron)	WA Government Annoucement	WAPISTT0V2	784
45	WA	WA's Safe Transition Plan 2	Public Space,Travel	International arrivals/travellers	2022-01-20		2022-02-05	2022-03-03	Implied as Plan 3 was announced			42	Hard border\nNo vaccine requirement\nMeet the Commonwealth requirements to enter Australia under the arrivals cap;\nTravellers must have an approved G2G Pass;\nUndertake 14 days of mandatory quarantine including, seven days in hotel quarantine and seven days of self-quarantine at suitable premises, if eligible;\nPCR testing on days one, six, nine and 12, and household members will also be required to do a PCR test on the traveller’s day 12;\nSubject to mandatory use of G2G Now and in-person checks by WA Police as required;\nInternational travel indirectly into WA via another state or territory will be subject to the same entry and quarantine requirements as domestic travellers.	Returning Western Australians, with strong recent connections;\nPersons with direct legitimate family connections with WA;\nCompassionate grounds including funeral, palliative care or terminally ill visitation;\nMember of the family of an approved traveller;\nPeople entering for urgent and essential medical treatment;\nReasons of national and state security;\nCommonwealth and State officials, Members of Parliament, Diplomats;\nProvision of specialist skills not available in WA, health services, emergency service workers;\nPeople required to attend court matters, judicial officers and staff of court, tribunals and commissions; and\nSpecial considerations and extraordinary circumstances determined by the State Emergency Coordinator or Chief Health Officer.			Public Health Order	McGowan had a press conference addressing the updated transition plan on 20/01/21\nInfographics from Services WA and wa.gov\nPosts by McGowan on Twitter and Facebook	All West Australians aged 12 years and over were eligible to be vaccinated by 13/09/21\n8/6/21 for people aged 30-49 (pfizer), 50 and over (Astrazeneca) and fpr 16 and over Indigenous and Torres Strait Islander people\n16/8/21 for people aged 16-29\nSee the 'Aus Vaccine Availability' sheet for more information	All West Australians aged 12 years and over were able to be vaccinated by 13/09/21\n10/6/21 for people aged 30-49 (pfizer), 50 and over (Astrazeneca) and fpr 16 and over Indigenous and Torres Strait Islander people\n16/8/21 for people aged 16-29\nSee the 'Aus Vaccine Availability' sheet for more information				Hard border from 5/2/22 to 3/3/22 (extended due to omicron)	WA Government Annoucement	WAPINT00V2	784
46	WA	(Booster) 2022-2-5	Employment,Public Space	all persons aged 18 and above requiring entry to correctional facilities	2022-02-01		2022-02-05	2022-06-10				129	BOOSTER\nNeed proof of booster vaccination, if eligible\n	Medical, temporary exemption, adetainee a prisoner, under the age of 12 years, any other person or class of persons who the Chief Health Officer, or a person\nauthorised by the CHO declares in\nwriting to be an exempt person or someone entering any part of the correctional facility for the purpose of performing a law enforcement duty that can't be done elsewhere, completing a legal obligation mandated by federal law, having a valid permit to enter the facility for work-related purposes (federal or state), responding to an emergency where a vaccinated person isn't available.	WA Correctional Facility Entrant Directions		WA Department of Justice		All West Australians aged 12 years and over were eligible to be vaccinated by 13/09/21\n8/6/21 for people aged 30-49 (pfizer), 50 and over (Astrazeneca) and fpr 16 and over Indigenous and Torres Strait Islander people\n16/8/21 for people aged 16-29\nSee the 'Aus Vaccine Availability' sheet for more information	All West Australians aged 12 years and over were able to be vaccinated by 13/09/21\n10/6/21 for people aged 30-49 (pfizer), 50 and over (Astrazeneca) and fpr 16 and over Indigenous and Torres Strait Islander people\n16/8/21 for people aged 16-29\nSee the 'Aus Vaccine Availability' sheet for more information	ATAGI recommends that a person receive their\nbooster vaccination being:\n(a) from the 24 December 2021 until 3 January 2022, a date which is 5 months from\nthe date the person became fully vaccinated;\n(b) from 4 January 2022 until 30 January 2022, a date which is 4 months from the\ndate the person became fully vaccinated;\n( c) from 31 January 2022, a date which is 3 months from the date the person became\nfully vaccinated				WA Government Annoucement	WABCRF00V2	
47	WA	Court and Tribunal Worker (Restrictions on Access) Directions	Employment	Court and Tribunal Workers		2022-01-31	2022-02-05	2022-06-10				130	First dose by 5/2/22\nSecond dose by 5/3/22	Unvaccinated individuals may enter to:\n(a) perform a law enforcement function;\n(b) fulfill a statutory duty under Commonwealth law;\n(c) exercise rights under a Fair Work, Work Health and Safety, or Industrial Relations Act entry permit;\n(d) respond to an emergency when no vaccinated person is available; or\n(e) under any written approval from the Chief Health Officer, subject to conditions.	Court and Tribunal Worker (Restrictions\non Access) Directions	It is an offence for a person to fail, without reasonable excuse, to comply with any of these directions, punishable by a fine of up to $20,000 for individuals and $100,000 for bodies corporate.											
48	WA	(Booster) Vaccination (Restrictions on Access) Directions	Employment	Air Services and Border Worker\nBuilding and Construction Industry Worker\nCommunity Care Services Worker\nCritical Businesses Worker\nCritical Government Regulator\nCritical Infrastructure Worker\nEducation Worker\nFire and Emergency Services Worker\nHealth Worker\nMeat Industry Worker\nMinisterial Staff Member\nPort Worker and Exposed Port Worker\nPrimary Health Care Worker\nPublic and Commercial Transport Workers\nRemote Aboriginal Community Worker\nResidential Aged Care Facility Worker\nResources Industry Worker\nWA Correctional Facility Entrant\nWA Police Force Worker\nWA Police Mission Critical Areas Worker			2022-02-05	2022-06-10				125	BOOSTER\nthe person is to be administered the booster vaccination within one calendar month of the date the person first became eligible, or by 5 February 2022, whichever is the latter.\nMust provide evidence of vaccination	Unvaccinated individuals may enter to:\n(a) perform a law enforcement function;\n(b) fulfill a statutory duty under Commonwealth law;\n(c) exercise rights under a Fair Work, Work Health and Safety, or Industrial Relations Act entry permit;\n(d) respond to an emergency when no vaccinated person is available; or\n(e) under any written approval from the Chief Health Officer, subject to conditions.	Booster Vaccination (Restrictions on\nAccess) Directions						ATAGI recommends that a person receive their\nbooster vaccination being:\n(a) from the 24 December 2021 until 3 January 2022, a date which is 5 months from\nthe date the person became fully vaccinated;\n(b) from 4 January 2022 until 30 January 2022, a date which is 4 months from the\ndate the person became fully vaccinated;\n( c) from 31 January 2022, a date which is 3 months from the date the person became\nfully vaccinated						
49	WA	Parliamentary Employee (Restrictions on Access) Directions	Employment	Parlimentary employees		2022-01-31	2022-02-21	2022-06-10				130	First dose by 21/2/22\nSecond dose by 21/3/22	Unvaccinated individuals may enter to:\n(a) perform a law enforcement function;\n(b) fulfill a statutory duty under Commonwealth law;\n(c) exercise rights under a Fair Work, Work Health and Safety, or Industrial Relations Act entry permit;\n(d) respond to an emergency when no vaccinated person is available; or\n(e) under any written approval from the Chief Health Officer, subject to conditions.	Parliamentary Employee (Restrictions on\nAccess) Directions	It is an offence for a person to fail, without reasonable excuse, to comply with any of these directions, punishable by a fine of up to $20,000 for individuals and $100,000 for bodies corporate.											
50	WA	WA's Safe Transition Plan 3	Public Space,Travel	Interstate arrivals/travellers	2022-02-18		2022-03-03	2022-04-29	annouced by wa.gov announcement			70	Have a registered G2G Pass\nBe triple dose vaccinated, if eligible\nUndertake a Rapid Antigen Test upon arrival within 12 hours and report any positive result.				Public Health Order	wa.gov announcements before and on the date of enforcement	All West Australians aged 12 years and over were eligible to be vaccinated by 13/09/21\n8/6/21 for people aged 30-49 (pfizer), 50 and over (Astrazeneca) and fpr 16 and over Indigenous and Torres Strait Islander people\n16/8/21 for people aged 16-29\nSee the 'Aus Vaccine Availability' sheet for more information	All West Australians aged 12 years and over were able to be vaccinated by 13/09/21\n10/6/21 for people aged 30-49 (pfizer), 50 and over (Astrazeneca) and fpr 16 and over Indigenous and Torres Strait Islander people\n16/8/21 for people aged 16-29\nSee the 'Aus Vaccine Availability' sheet for more information					WA Government Annoucement	WAPISTT0V3	1044
51	WA	WA's Safe Transition Plan 3	Public Space,Travel	International arrivals/travellers	2022-02-18		2022-03-03	2022-07-06				138	Meet Commonwealth Government requirements (external link) to enter Australia\nBe fully vaccinated under the Commonwealth Government requirements, if eligible\nHave a registered G2G Pass\nUndertake a Rapid Antigen Test upon arrival within 12 hours and report any positive result\nUnvaccinated returning Australians will be required to complete hotel quarantine until 1/6/22			From 1/6/22 - Returning unvaccinated Australians and permanent residents will no longer be quarantined for seven days on return to WA.\nUnvaccinated non-Australians are not permitted to enter Australia under Commonwealth orders.	Public Health Order	wa.gov announcements before and on the date of enforcement	All West Australians aged 12 years and over were eligible to be vaccinated by 13/09/21\n8/6/21 for people aged 30-49 (pfizer), 50 and over (Astrazeneca) and fpr 16 and over Indigenous and Torres Strait Islander people\n16/8/21 for people aged 16-29\nSee the 'Aus Vaccine Availability' sheet for more information	All West Australians aged 12 years and over were able to be vaccinated by 13/09/21\n10/6/21 for people aged 30-49 (pfizer), 50 and over (Astrazeneca) and fpr 16 and over Indigenous and Torres Strait Islander people\n16/8/21 for people aged 16-29\nSee the 'Aus Vaccine Availability' sheet for more information					WA Government Annoucement	WAPINT00V3	4535\n1044
52	WA	(Booster) for Mandatory Vaccination Policy Phased Approach Group 1	Employment	Transport, freight and logistics			2022-03-09	2022-06-10				93	proof of booster vaccination	Same as COVID Transition (Border Requirements) Directions	TRANSPORT, FREIGHT AND LOGISTICS DIRECTIONS (NO 14)		Public Health Order		All West Australians aged 12 years and over were eligible to be vaccinated by 13/09/21\n8/6/21 for people aged 30-49 (pfizer), 50 and over (Astrazeneca) and fpr 16 and over Indigenous and Torres Strait Islander people\n16/8/21 for people aged 16-29\nSee the 'Aus Vaccine Availability' sheet for more information	All West Australians aged 12 years and over were able to be vaccinated by 13/09/21\n10/6/21 for people aged 30-49 (pfizer), 50 and over (Astrazeneca) and fpr 16 and over Indigenous and Torres Strait Islander people\n16/8/21 for people aged 16-29\nSee the 'Aus Vaccine Availability' sheet for more information	ATAGI recommends that a person receive their\nbooster vaccination being:\n(a) from the 24 December 2021 until 3 January 2022, a date which is 5 months from\nthe date the person became fully vaccinated;\n(b) from 4 January 2022 until 30 January 2022, a date which is 4 months from the\ndate the person became fully vaccinated;\n( c) from 31 January 2022, a date which is 3 months from the date the person became\nfully vaccinated				WA Government Annoucement	WAETFLT0V2	4540
53	WA	NEED UPDATE!!!	Public Space	Parents and carers can visit boarding schools and other residential facilities	2022-03-29		2022-04-26	2022-06-10				73	proof of vaccination (if required), mask wearing and physical distancing from Term 2 2022				Public Health Order		All West Australians aged 12 years and over were eligible to be vaccinated by 13/09/21\n8/6/21 for people aged 30-49 (pfizer), 50 and over (Astrazeneca) and fpr 16 and over Indigenous and Torres Strait Islander people\n16/8/21 for people aged 16-29\nSee the 'Aus Vaccine Availability' sheet for more information	All West Australians aged 12 years and over were able to be vaccinated by 13/09/21\n10/6/21 for people aged 30-49 (pfizer), 50 and over (Astrazeneca) and fpr 16 and over Indigenous and Torres Strait Islander people\n16/8/21 for people aged 16-29\nSee the 'Aus Vaccine Availability' sheet for more information					WA Government Annoucement	WAPRSF00V1	4539
54	WA	NEED UPDATE!!!	Public Space	travel restrictions to remote Aboriginal communities			2022-06-10	2022-06-15	Announcement			5					Public Health Order		All West Australians aged 12 years and over were eligible to be vaccinated by 13/09/21\n8/6/21 for people aged 30-49 (pfizer), 50 and over (Astrazeneca) and fpr 16 and over Indigenous and Torres Strait Islander people\n16/8/21 for people aged 16-29\nSee the 'Aus Vaccine Availability' sheet for more information	All West Australians aged 12 years and over were able to be vaccinated by 13/09/21\n10/6/21 for people aged 30-49 (pfizer), 50 and over (Astrazeneca) and fpr 16 and over Indigenous and Torres Strait Islander people\n16/8/21 for people aged 16-29\nSee the 'Aus Vaccine Availability' sheet for more information					WA Government Annoucement	WAPRCT0000	800
